Group,DI
CK,0.5
CK,0.5
CK,0.33333
SA,0.33333
SA,0.375
SA,0.33333
